"Title","Description","Author","Created"
"Foo","Lorem ipsum dolor sit amet, consectetur adipisicing elit. Animi vitae voluptate unde inventore. Voluptates, facilis consectetur incidunt numquam culpa quae iusto officia molestias vitae tempora maxime aliquid nam minima neque!","john@example.com","2016-04-26 00:00:00"
"Bar","Quibusdam sapiente possimus a dicta repellendus culpa aut veniam, similique perferendis, debitis vitae doloribus quae dolorem adipisci laboriosam saepe consequatur quaerat, non cumque quasi, itaque. Libero eveniet amet voluptates, inventore.","jame@example.com","2016-04-26 12:00:00"
"Baz","Voluptas pariatur, culpa molestiae nam beatae veritatis reiciendis adipisci, sunt impedit voluptatem ea optio quo dignissimos corrupti porro quidem ratione dolorum nihil est eveniet. Incidunt sequi perspiciatis eum optio excepturi.","bob@example.com","2016-04-27 00:00:00"
"Qux","Atque ut expedita accusantium at perferendis cumque, sequi dolorem accusamus sunt ea, eveniet asperiores eaque illum quae assumenda! Sequi, reiciendis, expedita. Beatae vero nesciunt nulla consequuntur obcaecati mollitia facere omnis!","suzan@example.com","2016-04-27 12:00:00"
